{
  "configs": {
    "OFF": {
      "exploitation_loss": {
        "mean": 0.050278,
        "ci_lower": 0.044803,
        "ci_upper": 0.055753,
        "n": 1440
      },
      "actual_utility": {
        "mean": 0.560452,
        "ci_lower": 0.549347,
        "ci_upper": 0.571557,
        "n": 1440
      },
      "exploited_utility": {
        "mean": 0.671718,
        "ci_lower": 0.660445,
        "ci_upper": 0.682992,
        "n": 1440
      }
    },
    "J-only": {
      "exploitation_loss": {
        "mean": 0.0355,
        "ci_lower": 0.031168,
        "ci_upper": 0.039831,
        "n": 1440
      },
      "actual_utility": {
        "mean": 0.560909,
        "ci_lower": 0.549932,
        "ci_upper": 0.571887,
        "n": 1440
      },
      "exploited_utility": {
        "mean": 0.702022,
        "ci_lower": 0.691789,
        "ci_upper": 0.712254,
        "n": 1440
      }
    },
    "N-only": {
      "exploitation_loss": {
        "mean": 0.042664,
        "ci_lower": 0.037967,
        "ci_upper": 0.047362,
        "n": 1440
      },
      "actual_utility": {
        "mean": 0.557717,
        "ci_lower": 0.54656,
        "ci_upper": 0.568874,
        "n": 1440
      },
      "exploited_utility": {
        "mean": 0.675471,
        "ci_lower": 0.664885,
        "ci_upper": 0.686057,
        "n": 1440
      }
    },
    "B-only": {
      "exploitation_loss": {
        "mean": 0.079385,
        "ci_lower": 0.072172,
        "ci_upper": 0.086599,
        "n": 1440
      },
      "actual_utility": {
        "mean": 0.540073,
        "ci_lower": 0.529647,
        "ci_upper": 0.550498,
        "n": 1440
      },
      "exploited_utility": {
        "mean": 0.618923,
        "ci_lower": 0.606814,
        "ci_upper": 0.631031,
        "n": 1440
      }
    },
    "FULL": {
      "exploitation_loss": {
        "mean": 0.061255,
        "ci_lower": 0.05549,
        "ci_upper": 0.067021,
        "n": 1440
      },
      "actual_utility": {
        "mean": 0.542141,
        "ci_lower": 0.531652,
        "ci_upper": 0.55263,
        "n": 1440
      },
      "exploited_utility": {
        "mean": 0.64391,
        "ci_lower": 0.63312,
        "ci_upper": 0.654701,
        "n": 1440
      }
    },
    "Random": {
      "exploitation_loss": {
        "mean": 0.043068,
        "ci_lower": 0.038462,
        "ci_upper": 0.047674,
        "n": 1440
      },
      "actual_utility": {
        "mean": 0.561249,
        "ci_lower": 0.550085,
        "ci_upper": 0.572413,
        "n": 1440
      },
      "exploited_utility": {
        "mean": 0.67881,
        "ci_lower": 0.668119,
        "ci_upper": 0.6895,
        "n": 1440
      }
    }
  },
  "n_evaluated": 8640
}