{
  "n_results": 9180,
  "configs_aggregated": {
    "OFF": {
      "self_utility": {
        "mean": 0.560452,
        "ci_lower": 0.549347,
        "ci_upper": 0.571557,
        "n": 1440
      },
      "agreement_rate": {
        "mean": 0.979167,
        "ci_lower": 0.971787,
        "ci_upper": 0.986546,
        "n": 1440
      },
      "kendall_tau_cf": {
        "mean": 0.500748,
        "ci_lower": 0.492503,
        "ci_upper": 0.508993,
        "n": 1440
      },
      "kendall_tau_rf": {
        "mean": 0.489985,
        "ci_lower": 0.481404,
        "ci_upper": 0.498567,
        "n": 1440
      },
      "kendall_tau_bay": {
        "mean": 0.56555,
        "ci_lower": 0.559388,
        "ci_upper": 0.571712,
        "n": 1440
      },
      "issue_weight_mae_cf": {
        "mean": 0.108838,
        "ci_lower": 0.106136,
        "ci_upper": 0.111539,
        "n": 1440
      },
      "issue_weight_mae_rf": {
        "mean": 0.124735,
        "ci_lower": 0.121016,
        "ci_upper": 0.128454,
        "n": 1440
      },
      "issue_weight_mae_bay": {
        "mean": 0.158895,
        "ci_lower": 0.155626,
        "ci_upper": 0.162164,
        "n": 1440
      }
    },
    "J-only": {
      "self_utility": {
        "mean": 0.560909,
        "ci_lower": 0.549932,
        "ci_upper": 0.571887,
        "n": 1440
      },
      "agreement_rate": {
        "mean": 0.986806,
        "ci_lower": 0.98091,
        "ci_upper": 0.992701,
        "n": 1440
      },
      "kendall_tau_cf": {
        "mean": 0.499847,
        "ci_lower": 0.49159,
        "ci_upper": 0.508103,
        "n": 1440
      },
      "kendall_tau_rf": {
        "mean": 0.484049,
        "ci_lower": 0.47543,
        "ci_upper": 0.492667,
        "n": 1440
      },
      "kendall_tau_bay": {
        "mean": 0.569036,
        "ci_lower": 0.562701,
        "ci_upper": 0.57537,
        "n": 1440
      },
      "issue_weight_mae_cf": {
        "mean": 0.111674,
        "ci_lower": 0.108887,
        "ci_upper": 0.11446,
        "n": 1440
      },
      "issue_weight_mae_rf": {
        "mean": 0.127034,
        "ci_lower": 0.123336,
        "ci_upper": 0.130732,
        "n": 1440
      },
      "issue_weight_mae_bay": {
        "mean": 0.163924,
        "ci_lower": 0.160333,
        "ci_upper": 0.167514,
        "n": 1440
      }
    },
    "N-only": {
      "self_utility": {
        "mean": 0.557717,
        "ci_lower": 0.54656,
        "ci_upper": 0.568874,
        "n": 1440
      },
      "agreement_rate": {
        "mean": 0.979167,
        "ci_lower": 0.971787,
        "ci_upper": 0.986546,
        "n": 1440
      },
      "kendall_tau_cf": {
        "mean": 0.500648,
        "ci_lower": 0.492353,
        "ci_upper": 0.508943,
        "n": 1440
      },
      "kendall_tau_rf": {
        "mean": 0.48843,
        "ci_lower": 0.479759,
        "ci_upper": 0.497102,
        "n": 1440
      },
      "kendall_tau_bay": {
        "mean": 0.564343,
        "ci_lower": 0.558138,
        "ci_upper": 0.570549,
        "n": 1440
      },
      "issue_weight_mae_cf": {
        "mean": 0.104241,
        "ci_lower": 0.101405,
        "ci_upper": 0.107077,
        "n": 1440
      },
      "issue_weight_mae_rf": {
        "mean": 0.125014,
        "ci_lower": 0.121201,
        "ci_upper": 0.128827,
        "n": 1440
      },
      "issue_weight_mae_bay": {
        "mean": 0.15774,
        "ci_lower": 0.154424,
        "ci_upper": 0.161055,
        "n": 1440
      }
    },
    "B-only": {
      "self_utility": {
        "mean": 0.540073,
        "ci_lower": 0.529647,
        "ci_upper": 0.550498,
        "n": 1440
      },
      "agreement_rate": {
        "mean": 0.979167,
        "ci_lower": 0.971787,
        "ci_upper": 0.986546,
        "n": 1440
      },
      "kendall_tau_cf": {
        "mean": 0.491165,
        "ci_lower": 0.482922,
        "ci_upper": 0.499407,
        "n": 1440
      },
      "kendall_tau_rf": {
        "mean": 0.479679,
        "ci_lower": 0.471159,
        "ci_upper": 0.488199,
        "n": 1440
      },
      "kendall_tau_bay": {
        "mean": 0.556151,
        "ci_lower": 0.549496,
        "ci_upper": 0.562805,
        "n": 1440
      },
      "issue_weight_mae_cf": {
        "mean": 0.117769,
        "ci_lower": 0.115038,
        "ci_upper": 0.1205,
        "n": 1440
      },
      "issue_weight_mae_rf": {
        "mean": 0.135574,
        "ci_lower": 0.131752,
        "ci_upper": 0.139396,
        "n": 1440
      },
      "issue_weight_mae_bay": {
        "mean": 0.155119,
        "ci_lower": 0.151713,
        "ci_upper": 0.158526,
        "n": 1440
      }
    },
    "FULL": {
      "self_utility": {
        "mean": 0.542141,
        "ci_lower": 0.531652,
        "ci_upper": 0.55263,
        "n": 1440
      },
      "agreement_rate": {
        "mean": 0.981944,
        "ci_lower": 0.975065,
        "ci_upper": 0.988824,
        "n": 1440
      },
      "kendall_tau_cf": {
        "mean": 0.49443,
        "ci_lower": 0.486274,
        "ci_upper": 0.502586,
        "n": 1440
      },
      "kendall_tau_rf": {
        "mean": 0.478197,
        "ci_lower": 0.469753,
        "ci_upper": 0.486641,
        "n": 1440
      },
      "kendall_tau_bay": {
        "mean": 0.559469,
        "ci_lower": 0.552904,
        "ci_upper": 0.566033,
        "n": 1440
      },
      "issue_weight_mae_cf": {
        "mean": 0.116074,
        "ci_lower": 0.113214,
        "ci_upper": 0.118935,
        "n": 1440
      },
      "issue_weight_mae_rf": {
        "mean": 0.136892,
        "ci_lower": 0.13307,
        "ci_upper": 0.140715,
        "n": 1440
      },
      "issue_weight_mae_bay": {
        "mean": 0.160665,
        "ci_lower": 0.156903,
        "ci_upper": 0.164428,
        "n": 1440
      }
    },
    "Random": {
      "self_utility": {
        "mean": 0.561249,
        "ci_lower": 0.550085,
        "ci_upper": 0.572413,
        "n": 1440
      },
      "agreement_rate": {
        "mean": 0.979167,
        "ci_lower": 0.971787,
        "ci_upper": 0.986546,
        "n": 1440
      },
      "kendall_tau_cf": {
        "mean": 0.509129,
        "ci_lower": 0.501136,
        "ci_upper": 0.517122,
        "n": 1440
      },
      "kendall_tau_rf": {
        "mean": 0.496683,
        "ci_lower": 0.488292,
        "ci_upper": 0.505073,
        "n": 1440
      },
      "kendall_tau_bay": {
        "mean": 0.57483,
        "ci_lower": 0.56905,
        "ci_upper": 0.580609,
        "n": 1440
      },
      "issue_weight_mae_cf": {
        "mean": 0.100922,
        "ci_lower": 0.098325,
        "ci_upper": 0.10352,
        "n": 1440
      },
      "issue_weight_mae_rf": {
        "mean": 0.125094,
        "ci_lower": 0.121355,
        "ci_upper": 0.128833,
        "n": 1440
      },
      "issue_weight_mae_bay": {
        "mean": 0.148699,
        "ci_lower": 0.145629,
        "ci_upper": 0.151768,
        "n": 1440
      }
    },
    "OM": {
      "self_utility": {
        "mean": 0.551687,
        "ci_lower": 0.52977,
        "ci_upper": 0.573604,
        "n": 540
      },
      "agreement_rate": {
        "mean": 0.998148,
        "ci_lower": 0.994519,
        "ci_upper": 1.001778,
        "n": 540
      },
      "kendall_tau_cf": {
        "mean": 0.460666,
        "ci_lower": 0.443255,
        "ci_upper": 0.478077,
        "n": 540
      },
      "kendall_tau_rf": {
        "mean": 0.446572,
        "ci_lower": 0.428736,
        "ci_upper": 0.464407,
        "n": 540
      },
      "kendall_tau_bay": {
        "mean": 0.505258,
        "ci_lower": 0.491953,
        "ci_upper": 0.518563,
        "n": 540
      },
      "issue_weight_mae_cf": {
        "mean": 0.095222,
        "ci_lower": 0.091046,
        "ci_upper": 0.099398,
        "n": 540
      },
      "issue_weight_mae_rf": {
        "mean": 0.090847,
        "ci_lower": 0.087625,
        "ci_upper": 0.094069,
        "n": 540
      },
      "issue_weight_mae_bay": {
        "mean": 0.166844,
        "ci_lower": 0.161156,